84,
91,
90,
90,
107,
93,
93,
96,
94,
89,
100,
88,
92,
90,
90,
142,
95,
94,
93,
94,
93,
91,
90,
90,
91,
90,
89,
90,
88,
98,
87,
97,
89,
88,
98,
89,
89,
90,
93,
89,
92,
91,
91,
86,
87,
87,
88,
86,
86,
84,
96,
86,
87,
138,
88,
90,
90,
89,
90,
92,
89,
85,
85,
86,
87,
88,
87,
86,
86,
86,
87,
125,
137,
87,
90,
90,
92,
92,
90,
114,
86,
85,
87,
85,
277,
131,
87,
89,
87,
86,
84,
83,
84,
88,
87,
88,
91,
88,
111,
87,
87,
88,
86,
87,
88,
105,
87,
90,
99,
87,
87,
87,
88,
89,
89,
91,
94,
90,
90,
90,
85,
87,
131,
87,
86,
88,
87,
88,
87,
98,
96,
84,
82,
87,
86,
88,
86,
245,
87,
87,
86,
87,
86,
86,
97,
87,
86,
100,
87,
86,
84,
83,
212,
87,
86,
91,
91,
246,
88,
87,
88,
88,
86,
86,
86,
86,
98,
86,
87,
86,
87,
87,
83,
86,
87,
90,
89,
94,
90,
87,
87,
87,
86,
86,
90,
86,
87,
86,
84,
84,
84,
85,
84,
89,
100,
98,
89,
86,
88,
86,
89,
88,
87,
86,
108,
86,
85,
86,
86,
90,
86,
87,
128,
87,
87,
91,
91,
90,
87,
101,
91,
88,
86,
88,
87,
88,
88,
86,
86,
99,
87,
87,
83,
86,
87,
86,
89,
87,
87,
86,
87,
96,
85,
86,
256,
87,
86,
88,
87,
86,
86,
85,
82,
86,
92,
87,
88,
88,
89,
86,
88,
91,
87,
86,
88,
87,
351,
83,
83,
84,
83,
83,
85,
86,
88,
90,
88,
91,
96,
89,
85,
84,
101,
90,
88,
88,
87,
84,
82,
96,
84,
83,
84,
86,
87,
89,
102,
89,
88,
85,
88,
85,
86,
83,
86,
86,
87,
124,
213,
86,
88,
83,
85,
85,
90,
89,
92,
90,
91,
89,
100,
101,
91,
89,
85,
86,
98,
85,
87,
101,
88,
86,
84,
87,
86,
85,
87,
90,
89,
91,
91,
86,
86,
87,
85,
98,
88,
87,
87,
83,
85,
82,
87,
88,
98,
104,
87,
87,
87,
86,
86,
85,
87,
87,
85,
87,
95,
86,
84,
83,
82,
156,
86,
90,
90,
89,
89,
224,
85,
87,
87,
86,
86,
86,
106,
85,
136,
88,
86,
85,
85,
87,
87,
89,
90,
92,
102,
221,
85,
86,
89,
88,
87,
88,
87,
87,
88,
89,
83,
83,
84,
87,
86,
120,
86,
85,
88,
87,
86,
88,
87,
89,
88,
91,
88,
88,
86,
102,
83,
214,
83,
87,
89,
86,
87,
87,
87,
87,
87,
87,
85,
108,
88,
103,
89,
88,
87,
94,
83,
83,
106,
88,
91,
90,
90,
90,
87,
86,
86,
86,
231,
108,
109,
82,
83,
83,
85,
83,
133,
86,
87,
87,
89,
86,
86,
88,
86,
86,
87,
89,
89,
87,
85,
84,
84,
84,
83,
83,
83,
138,
87,
90,
90,
92,
87,
87,
86,
87,
97,
88,
86,
87,
87,
87,
88,
87,
87,
87,
90,
96,
98,
97,
99,
97,
97,
95,
93,
94,
118,
94,
89,
90,
90,
102,
92,
88,
89,
93,
91,
100,
92,
93,
91,
91,
89,
91,
89,
90,
90,
88,
85,
86,
89,
87,
86,
92,
91,
89,
100,
95,
90,
222,
90,
87,
87,
87,
86,
87,
86,
87,
87,
85,
88,
92,
88,
104,
90,
93,
90,
88,
91,
146,
94,
106,
94,
94,
93,
93,
95,
93,
94,
94,
93,
96,
95,
94,
92,
94,
94,
93,
91,
92,
90,
90,
88,
89,
101,
89,
90,
93,
90,
99,
93,
95,
94,
106,
98,
98,
110,
104,
98,
97,
99,
96,
96,
93,
95,
149,
94,
96,
94,
95,
93,
94,
97,
94,
94,
137,
98,
109,
98,
96,
99,
99,
98,
181,
305,
99,
523,
97,
97,
98,
98,
95,
94,
96,
113,
91,
91,
92,
90,
91,
91,
217,
94,
93,
238,
94,
94,
93,
94,
89,
90,
91,
93,
91,
102,
90,
90,
128,
90,
90,
91,
93,
96,
109,
90,
92,
90,
90,
89,
90,
91,
92,
89,
92,
97,
90,
90,
90,
89,
91,
109,
95,
94,
224,
94,
94,
101,
90,
90,
102,
91,
89,
89,
90,
89,
90,
91,
88,
99,
92,
90,
90,
90,
89,
89,
89,
90,
111,
90,
90,
101,
89,
120,
86,
89,
106,
87,
87,
85,
89,
96,
91,
90,
90,
86,
91,
92,
89,
89,
291,
90,
89,
90,
91,
89,
91,
88,
93,
90,
91,
99,
92,
93,
92,
93,
91,
91,
89,
101,
89,
709,
88,
88,
86,
87,
87,
87,
89,
90,
89,
90,
113,
91,
221,
87,
86,
85,
88,
86,
87,
87,
86,
85,
87,
84,
83,
84,
86,
86,
90,
91,
87,
87,
86,
87,
88,
88,
86,
89,
226,
85,
86,
86,
86,
83,
132,
87,
86,
87,
85,
87,
87,
103,
93,
94,
97,
96,
95,
93,
94,
109,
92,
89,
95,
484,
130,
134,
111,
110,
130,
106,
106,
107,
100,
100,
103,
101,
100,
99,
147,
100,
103,
104,
97,
98,
97,
97,
97,
96,
95,
94,
93,
94,
93,
95,
97,
147,
93,
94,
94,
92,
95,
95,
94,
94,
90,
139,
89,
90,
101,
90,
89,
91,
89,
87,
226,
95,
90,
92,
89,
89,
103,
91,
90,
91,
101,
98,
86,
86,
87,
241,
182,
88,
87,
87,
87,
137,
91,
93,
152,
98,
96,
97,
100,
95,
93,
95,
93,
93,
87,
90,
89,
103,
91,
91,
90,
101,
91,
90,
91,
91,
102,
92,
92,
88,
87,
84,
88,
86,
88,
87,
89,
86,
87,
86,
86,
86,
86,
98,
102,
86,
86,
87,
88,
101,
87,
86,
97,
82,
83,
86,
83,
86,
101,
89,
90,
89,
91,
90,
90,
89,
86,
87,
349,
87,
87,
85,
87,
86,
88,
112,
86,
87,
87,
90,
90,
86,
107,
87,
91,
92,
91,
251,
91,
89,
91,
90,
94,
109,
98,
99,
97,
97,
97,
98,
98,
93,
93,
